{"epochs": 20, "epoch_losses": [0.4398666852973847, 0.2975678073457513, 0.19853250476795126, 0.1290419785365225, 0.07602018331997541, 0.093626007131594, 0.059607432397319915, 0.03558819611701536, 0.043047292022576254, 0.03264518832232232, 0.04125178057076113, 0.03590357244460921, 0.03149971189508419, 0.039222146519501525, 0.03689286403916405, 0.023465065758065895, 0.021050655766319766, 0.009360274156315282, 0.049341527743446384, 0.021023322528495317], "accuracy": 0.8976535197204194, "f1_score": 0.6531302876480541, "recall": 0.636963696369637, "precision": 0.6701388888888888}